{
"version":"1",
"menus": {
  "category": [],
  "client": [
    "wsOpenCommand"
  ],
  "document":[
	
    "wsPreviewCommand",
    "wsOpenDocumentCommand",
    "wsEditDocumentCommand",
    "wsCommandSeparator",
    "wsDownloadDocumentCommand",
    "wsUploadAsNewVersionDocumentCommand",
    "wsCommandSeparator",
	
	{
	
		"newgroup":[
		 "wsUploadAsNewVersionDocumentCommand",
		"wsDownloadDocumentCommand"
		]
	},
	
    "wsAddToFavoritesCommand",
    "wsRemoveFromFavoritesCommand",
    "wsCopyLinkCommand",
    "wsSendDocumentCommand",
    "wsCommandSeparator",
    "wsCopyDocumentCommand",
    "wsMoveDocumentCommand",
	
    "wsCommandSeparator",
    "wsTimelineDocumentCommand",
    "wsVersionsDocumentCommand",
    "wsViewPropertyCommand",
    "wsCommandSeparator",
    "wsUnlockDocumentCommand",
	
    "wsDeleteShortcutCommand",
    "wsDeleteDocumentCommand"
  ],
  
  "email": [
    "wsPreviewCommand",
    "wsOpenDocumentCommand",
    "wsCommandSeparator",
    "wsReplyEmailCommand",
    "wsReplyAllEmailCommand",
    "wsForwardEmailCommand",
    "wsCommandSeparator",
    "wsAddToFavoritesCommand",
    "wsRemoveFromFavoritesCommand",
    "wsCopyLinkCommand",
    "wsCommandSeparator",
    "wsMoveEmailCommand",
    "wsCommandSeparator",
    "wsTimelineEmailCommand",
    "wsViewPropertyCommand",
    "wsAttachmentsCommand",
    "wsCommandSeparator",
    "wsDeleteEmailCommand",
    "wsDeleteShortcutCommand"
  ],
  
  "email_attachments": 
  [
    "wsDownloadEmailAttachmentCommand"
  ],
  
  "email_preview": [
    "wsOpenEmailCommand",
    "wsReplyEmailCommand",
    "wsReplyAllEmailCommand",
    "wsForwardEmailCommand",
    "wsTimelineEmailCommand"
  ],
  
  "folder": [
    "wsUploadFileCommand",
    "wsNewFolderCommand",
    "wsOpenCommand",
    "wsAddToFavoritesCommand",
    "wsRemoveFromFavoritesCommand",
    "wsCopyLinkCommand",
    "wsViewPropertyCommand",
    "wsDeleteFolderCommand"
  ],
  
  "version": [
    "wsPreviewCommand",
    "wsOpenDocumentCommand",
    "wsEditDocumentCommand",
    "wsCommandSeparator",
    "wsDownloadDocumentCommand",
    "wsCommandSeparator",
    "wsAddToFavoritesCommand",
    "wsCopyLinkCommand",
    "wsSendDocumentCommand",
    "wsCommandSeparator",
    "wsCopyDocumentCommand",
    "wsUnlockDocumentCommand",
    "wsCompareVersionCommand",
    "wsCommandSeparator",
    "wsEditCommentVersionCommand",
    "wsCommandSeparator",
    "wsDeleteVersionCommand"
  ],
 
  "workspace": [
    "wsOpenCommand",
    "wsAddToFavoritesCommand",
    "wsRemoveFromFavoritesCommand",
    "wsAddToMyMattersCommand",
    "wsRemoveFromMyMattersCommand",
    "wsCopyLinkCommand",
    "wsNewFolderCommand",
    "wsViewPropertyCommand",
    "wsDeleteMatterCommand"
  ]
  
  
}
}