<?xml version="1.0" encoding="UTF-8" ?>
<root>
	 <sections id="MainHome" name="Home" iconclass="icon-home big-icon" controller='HomeViewController as hvc'   pageName='Views/HomeView.html' >		 
	</sections> 
	<sections  id="Access" name="Access" iconclass="icon-access big-icon" >
		<apps >
			<id>Users</id>
			<name>Users</name>
			<iconclass>icon-users</iconclass>
			<controller>UserController </controller>
			<pageName>Views/UserTable.html</pageName> 
		</apps>
		<apps >
			<id>Groups</id>
			<name>Groups</name>
			<iconclass>icon-groups</iconclass>
			<controller>GroupController </controller> 
			 
			<pageName>Views/GroupTable.html</pageName> 
		</apps>
		<apps >
			<id>Roles</id>
			<name>Roles</name>
			<iconclass>icon-roles</iconclass>
			<controller>RolesController </controller> 
			 
			<pageName>Views/RolesTable.html</pageName>
		</apps>
	</sections>
	<sections  id="Content" name="Content" iconclass="icon-content big-icon"    >
		<subsections id="Documents" name="Documents" iconclass="icon-documents"    >
			<apps >
				<id>Active</id>
				<name>Active</name>
				<iconclass>icon-app-setup</iconclass>
				<title>Documents</title> 
				<controller>DocumentsController </controller> 
				<pageName>Views/DocumentsTable.html</pageName> 
			</apps>
		<!--	<apps >
				<id>Archive</id>
				<name>Archive</name>
				<iconclass>icon-app-setup</iconclass>
				 <title>Documents</title> 
				<controller>  </controller> 
				<pageName>Views/DummyTable.html</pageName> 
			</apps>
			<apps >
				<id>Trash</id>
				<name>Trash</name>
				<iconclass>icon-app-setup</iconclass>
				 <title>Documents</title> 
				<controller>  </controller> 
				<pageName>Views/DummyTable.html</pageName> 
			</apps>-->
		</subsections>
		<subsections id="WorkspacesAndFolders" name="Workspaces &amp; Folders" iconclass="icon-workspace"    >
			<apps >
				<id>Active</id>
				<name>Active</name>
				<iconclass>icon-app-setup</iconclass>
				 <title>Workspaces &amp; Folders</title> 
				<controller>WorkSpaceController</controller> 
				<pageName>Views/WorkSpaces.html </pageName> 
			</apps>
			<!--<apps >
				<id>Archive</id>
				<name>Archive</name>
				<iconclass>icon-app-setup</iconclass>
				 <title>Workspaces &amp; Folders</title> 
				<target>workspaces-archive</target>
				<controller>  </controller> 
				<pageName>Views/DummyTable.html </pageName> 
			</apps>
			<apps >
				<id>Trash</id>
				<name>Trash</name>
				<iconclass>icon-app-setup</iconclass>
				  <title>Workspaces &amp; Folders</title> 
				<controller>  </controller> 
				<pageName>Views/DummyTable.html </pageName> 
			</apps>-->
		</subsections>
	<!--	<subsections id="ImportExport" name="Import/Export" iconclass="icon-import-export"    >
			<apps >
				<id>ImportExportDocuments</id>
				<name>Documents</name>
				<iconclass>icon-app-setup</iconclass>
				 
				<controller>  </controller> 
				<pageName>Views/DummyTable.html</pageName> 
			</apps>
			<apps >
				<id>ImportExportUsers</id>
				<name>Users</name>
				<iconclass>icon-app-setup</iconclass>
				 
				<controller>  </controller> 
				<pageName>Views/DummyTable.html</pageName> 
			</apps>
			<apps >
				<id>ImportExportMetadata</id>
				<name>Metadata</name>
				<iconclass>icon-app-setup</iconclass>
				 
				<controller>  </controller> 
				<pageName>Views/DummyTable.html</pageName> 
			</apps>
		</subsections>-->
	</sections>
	<sections  id="Configure" name="Configure" iconclass="icon-configure big-icon"    >
		<subsections  id="MetaData" name="Metadata" iconclass="icon-metadata"    >
		
			<apps >
				<id>metadata</id>
				<name>Custom</name>
				<iconclass>icon-custom</iconclass>
			 
				<controller>MetaDataController  </controller> 
				<pageName>Views/MetaDataTable.html</pageName> 
			</apps>
		</subsections>
		<subsections  id="SystemSetup" name="System Setup" iconclass="icon-system-setup"    >
			
			<apps >
				<id>CaptionsManager</id>
				<name>Captions Manager</name>
				<iconclass>icon-app-setup</iconclass>
				 
				<controller>CaptionController  </controller> 
				<pageName>Views/CaptionTable.html</pageName> 
			</apps>
		<!--	<apps >
				<id>ServerOptions</id>
				<name>Server Options</name>
				<iconclass>icon-app-setup</iconclass>
				 
				<controller>  </controller> 
				<pageName>Views/DummyTable.html</pageName> 
			</apps>-->
				<apps >
				<id>Class</id>
				<name>Class</name>
				<iconclass>icon-class</iconclass>
			 
				<controller> ClassController </controller> 
				<pageName>Views/ClassTable.html</pageName> 
			</apps>
			<apps >
				<id>Type</id>
				<name>Type</name>
				<iconclass>icon-custom</iconclass>
				 
				<controller>DocTypeController</controller> 
				<pageName>Views/DocTypesTable.html</pageName> 
			</apps>
			<apps >
				<id>App</id>
				<name>App</name>
				<iconclass>icon-custom</iconclass>
				 
				<controller>AppSetupController </controller> 
				<pageName>Views/AppSetup.html</pageName> 
			</apps>
		
			<!--<apps >
				<id>DatabaseOptions</id>
				<name>Database Options</name>
				<iconclass>icon-app-setup</iconclass>
				 
				<controller>  </controller> 
				<pageName>Views/DummyTable.html</pageName> 
			</apps>
			<apps >
				<id>ADFSSetup</id>
				<name>ADFS Setup</name>
				<iconclass>icon-app-setup</iconclass>
				 
				<controller>  </controller> 
				<pageName>Views/DummyTable.html</pageName> 
			</apps>
			<apps >
				<id>Templates</id>
				<name>Templates</name>
				<iconclass>icon-app-setup</iconclass>
				 
				<controller>  </controller> 
				<pageName>Views/DummyTable.html</pageName> 
			</apps>-->
		</subsections>
		<!--<subsections  id="Scheduler" name="Scheduler" iconclass="icon-scheduler"    >
			<apps >
				<id>Dashboard</id>
				<name>Dashboard</name>
				<iconclass>icon-users</iconclass>
			 
				<controller>  </controller> 
				<pageName>Views/DummyTable.html</pageName> 
			</apps>
			<apps >
				<id>ADSync</id>
				<name>AD Sync</name>
				<iconclass>icon-class</iconclass>
				 
				<controller>  </controller> 
				<pageName>Views/DummyTable.html</pageName> 
			</apps>
			<apps >
				<id>BulkImportJobs</id>
				<name>Bulk Import Jobs</name>
				<iconclass>icon-custom</iconclass>
				 
				<controller>  </controller> 
				<pageName>Views/DummyTable.html</pageName> 
			</apps>
			<apps >
				<id>WorkspaceGeneration</id>
				<name>Workspace Generation</name>
				<iconclass>icon-custom</iconclass>
				 
				<controller>  </controller> 
				<pageName>Views/DummyTable.html</pageName> 
			</apps>
		</subsections>-->
	</sections>
	<!--<sections  id="Monitor" name="Monitor" iconclass="icon-monitor big-icon"  >
		<subsections id="Status" name="Status" iconclass="icon-status"   >
			<apps>
				<id>Servers</id>
				<name>Servers</name>
				<iconclass>icon-users</iconclass>
				 
				<controller>  </controller> 
				<pageName>Views/DummyTable.html</pageName> 
			</apps>
			<apps>
				<id>Indexers</id>
				<name>Indexers</name>
				<iconclass>icon-class</iconclass>
				 
				<controller>  </controller> 
				<pageName>Views/DummyTable.html</pageName> 
			</apps>
			<apps>
				<id>Jobs</id>
				<name>Jobs</name>
				<iconclass>icon-custom</iconclass>
				 
				<controller>  </controller> 
				<pageName>Views/DummyTable.html</pageName> 
			</apps>
		</subsections>
		<subsections id="Performance" name="Performance" iconclass="icon-performance"   >
			<apps>
				<id>NotDetermined</id>
				<name>TBD</name>
				<iconclass>icon-users</iconclass>
				 
				<controller>  </controller> 
				<pageName>Views/DummyTable.html</pageName> 
			</apps>
		</subsections>
	</sections>
	<sections  id="Analytics" name="Analytics" iconclass="icon-analytics big-icon"   >
		<subsections id="Reports" name="Reports" iconclass="icon-reports"   >
			<apps>
				<id>Standard</id>
				<name>Standard</name>
				<iconclass>icon-users</iconclass>
				 
				<controller>  </controller> 
				<pageName>Views/DummyTable.html</pageName> 
			</apps>
			<apps>
				<id>Custom</id>
				<name>Custom</name>
				<iconclass>icon-class</iconclass>
				 
				<controller>  </controller> 
				<pageName>Views/DummyTable.html</pageName> 
			</apps>
			<apps>
				<id>ReportBuilder</id>
				<name>Report Builder</name>
				<iconclass>icon-custom</iconclass>
				 
				<controller>  </controller> 
				<pageName>Views/DummyTable.html</pageName> 
			</apps>
		</subsections> 
	</sections>-->
</root>	
