[{"id":1,"label":"Groups","inode":true,"open":true,"branch":[{"id":38,"label":"Group Name 01","inode":false,"checkbox":false},{"id":38,"label":"Group Name 02","inode":false,"checkbox":false},{"id":38,"label":"Group Name 03","inode":false,"checkbox":false}]},{"id":1,"label":"Users","inode":true,"open":true,"branch":[{"id":38,"label":"User Name 01","inode":false,"checkbox":false},{"id":38,"label":"User Name 02","inode":false,"checkbox":false},{"id":38,"label":"User Name 03","inode":false,"checkbox":false},{"id":38,"label":"User Name 04","inode":false,"checkbox":false},{"id":38,"label":"User Name 05","inode":false,"checkbox":false}]}]