{
    "version": 1,
    "disable_existing_loggers": false,
    "formatters": {
        "simple": {
            "format": "%(asctime)s - %(name)s - %(levelname)s - %(message)s"
        }
    },
    "handlers": {
        "console": {
            "class": "logging.StreamHandler",
            "formatter": "simple",
            "stream": "ext://sys.stdout"
        },
        "fileimcc": {
            "class": "logging.handlers.RotatingFileHandler",
            "formatter": "simple",
            "filename": "logs/imcc.log",
            "maxBytes": 10485760,
            "backupCount": 3
        }
    },
     "loggers": {
        "imcc": {
            "level": "DEBUG",
            "handlers": ["fileimcc"],
            "propagate": "no"
        }
    }
    
    
}