{
    "version": 1,
    "disable_existing_loggers": false,
    "formatters": {
        "simple": {
            "format": "%(asctime)s - %(name)s - %(levelname)s - %(message)s"
        }
    },
    "handlers": {
        "console": {
            "class": "logging.StreamHandler",
            "formatter": "simple",
            "stream": "ext://sys.stdout"
        },
        "file": {
            "class": "logging.handlers.RotatingFileHandler",
            "formatter": "simple",
            "filename": "logs/imccSecurityLog.log",
            "maxBytes": 10485760,
            "backupCount": 3
        }
    },
    "loggers": {
        "imccSecurity": {
            "level": "DEBUG",
            "handlers": ["file"],
            "propagate": "no"
        }
    }
}