{    
    "author": "author",
    "authordescription": "author_description",    
    "custom1": "custom1",
    "custom2": "custom2",
    "custom3": "custom3",
    "custom4": "custom4",
    "custom5": "custom5",
    "custom6": "custom6",
    "custom7": "custom7",
    "custom8": "custom8",
    "custom9": "custom9",
    "custom10": "custom10",
    "custom11": "custom11",
    "custom12": "custom12",
    "custom13": "custom13",
    "custom14": "custom14",
    "custom15": "custom15",
    "custom16": "custom16",
    "custom17": "custom17",
    "custom18": "custom18",
    "custom19": "custom19",
    "custom20": "custom20",
    "custom21": "custom21",
    "custom22": "custom22",
    "custom23": "custom23",
    "custom24": "custom24",
    "custom25": "custom25",
    "custom26": "custom26",
    "custom27": "custom27",
    "custom28": "custom28",
    "custom29": "custom29",
    "custom30": "custom30",
    "custom31": "custom31",
    "custom1description": "custom1_description",
    "custom2description": "custom2_description",
    "custom3description": "custom3_description",
    "custom4description": "custom4_description",
    "custom5description": "custom5_description",
    "custom6description": "custom6_description",
    "custom7description": "custom7_description",
    "custom8description": "custom8_description",
    "custom9description": "custom9_description",
    "custom10description": "custom10_description",
    "custom11description": "custom11_description",
    "custom12description": "custom12_description",
    "custom29description": "custom29_description",
    "custom30description": "custom30_description",
    "class": "class",
    "classdescription": "class_description",
    "operator": "operator",
    "operatordescription": "operator_description",
    "subclass": "subclass",
    "subclassdescription": "subclass_description",
    "create_date": "create_date",
    "type": "type",
    "typedescription": "type_description",
    "version": "version",
    "workspace": "workspace",
    "owner": "owner",
    "email": "email",
    "location": "location",
    "name": "name",
    "editdate": "edit_date",
    "document_number": "document_number",
    "size": "size",
    "description": "description",
    "last_user_checkout_user": "lastuser_checkoutuser",
    "senddate": "sent_date",
    "receiveddate": "received_date"

}