{
    "documentName": "Second amendment alpha.docx",
    "emailSubject": "Re: Final budget for 2017",
    "matterTitle": "2093.0001 - Apple vs Google",
    "clientTitle": "Apple Inc.",
    "folderTitle": "(2093.0001_997)Documents",    
    "author": "Author",
    "authordescription": "Author Desc.",
    "bcc": "BCC",
    "cc": "CC",
    "checkout": "Checked Out",
    "class": "Class",
    "classdescription": "Class Desc.",
    "comments": "Comments",
    "create_date": "09:56",
    "custom1": "Custom 1",
    "custom2": {
        "Class": "matter",
        "Label": "2031.011 Apple vs Google"
    },
    "custom3": "Custom 3",
    "custom4": "Custom 4",
    "custom5": "Custom 5",
    "custom6": "Custom 6",
    "custom7": "Custom 7",
    "custom8": "Custom 8",
    "custom9": "Custom 9",
    "custom10": "Custom 10",
    "custom11": "Custom 11",
    "custom12": "Custom 12",
    "custom13": "Custom 13",
    "custom14": "Custom 14",
    "custom15": "Custom 15",
    "custom16": "Custom 16",
    "custom17": "Custom 17",
    "custom18": "Custom 18",
    "custom19": "Custom 19",
    "custom20": "Custom 20",
    "custom21": "Custom 21",
    "custom22": "Custom 22",
    "custom23": "Custom 23",
    "custom24": "Custom 24",
    "custom25": "Custom 25",
    "custom26": "Custom 26",
    "custom27": "Custom 27",
    "custom28": "Custom 28",
    "custom29": "Custom 29",
    "custom30": "Custom 30",
    "custom31": "Custom 31",
    "custom1description": "Custom1 Description",
    "custom2description": "Custom2 Description",
    "custom3description": "Custom3 Description",
    "custom4description": "Custom4 Description",
    "custom5description": "Custom5 Description",
    "custom6description": "Custom6 Description",
    "custom7description": "Custom7 Description",
    "custom8description": "Custom8 Description",
    "custom9description": "Custom9 Description",
    "custom10description": "Custom10 Description",
    "custom11description": "Custom11 Description",
    "custom12description": "Custom12 Description",
    "custom29description": "Custom29 Description",
    "custom30description": "Custom30 Description",
    "customer_id": "Cust ID",
    "customer_industry": "Industry",
    "database": "iManage",
    "date_received": "04:16",
    "date_sent": "04:12",
    "default_security": "Private",
    "deployment_level": "Level 1",
    "deployment_type": "Deployment",
    "description": "Description",
    "document_number": "#010334455",
    "doc_status": "Pending",
    "echoenabled": "Enabled",
    "editdate": "10:26",
    "extension": "Extension",
    "size": "6.9 KB",
    "from": "From",
    "indexable": "Indexable",
    "in_use": "In Use",
    "in_use_by": "ACASE",
    "inusebydescription": "Use by desc.",
    "is_related": "Related",
    "last_user": "ACASE",
    "lastuserdescription": "Last User Desc.",
    "location": "New Folder",
    "markedforarchive": "Archive",
    "messageuniqueid": "Unique ID",
    "name": {
        "Class": "name",
        "Label": "Second amendment alpha.docx"
    },
    "net_node": "Nodes",
    "operator": "Operator",
    "operatordescription": "Operator Desc.",
    "edit_profile_time": "11:22",
    "project": "iManage",
    "region": "Region",
    "retain_days": "2",
    "salesforceid": "Sales Force ID",
    "subclass": "Subclass",
    "subclassdescription": "Subclass Desc.",
    "to": "To",
    "type": "Type",
    "typedescription": "Type Desc.",
    "version": "V2",
    "workspace": {
        "Class": "matter",
        "Label": "Workspace Name"
    },
    "namedescription": "Name/Desc",
    "declared": "Declared",
    "user": "ACASE",
    "customeriddescription": "Cust. ID Desc.",
    "accountiddescription": "Account ID Desc.",
    "customerindustrydescription": "Cust. Industry Desc.",
    "deploymentleveldescription": "Deplyment Level Desc.",
    "deplymenttypedescription": "Deployment Type Desc.",
    "deploymentstatusdescription": "Deployment Status Desc.",
    "regiondescription": "Region Desc.",
    "salesforceiddescription": "SalesForceID Desc.",
    "projectdescription": "Project Desc.",
    "userdescription": "User Desc.",
    "edittime": "11:20",
    "last_user_checkout_user":"Last user/Checked out user",
    "owner": "Owner",
    "email": "email@gmail.com",
    "receiveddate": "Date",
    "senddate": "Date"
}