{
    "document": {
        "attributes": [
            "author",
            "authordescription",
            "operator",
            "operatordescription",
            "class",
            "classdescription",
            "subclass",
            "subclassdescription",
            "create_date",
            "document_number",
            "editdate",
            "size",
            "type",
            "typedescription",
            "version",
            "last_user_checkout_user"
        ],
        "afterAttributes":[
            "workspace"
        ]
    },
    "email": {        
        "beforeAttributes":[
            "name"
        ],
        "attributes": [
            "class",
            "classdescription",
            "subclass",
            "subclassdescription",
            "senddate",
            "document_number",
            "receiveddate",
            "size",
            "type",
            "typedescription"
        ]
    },
    "workspace": {
        "attributes": [
            "owner",
            "subclass",
            "subclassdescription"
        ]
    },
    "folder": {
        "attributes": [
            "owner",
            "description",
            "email"
        ],
        "afterAttributes":[
            "workspace"
        ]
    }
}