{
        "wsMoreActionsGroup":{ "DisplayText": "moreactions", "iconName": "moreactions"}, 
        "wsShareGroup":{ "DisplayText": "externalShare", "iconName": "externalshare"},     
        "wsSendDocumentAndLinkCommand":{ "DisplayText": "senddocumentandlink", "iconName": "send"},
        "wsSendDocumentCommand":{ "DisplayText": "send", "iconName": "send"},
        "wsSendLinkCommand":{ "DisplayText": "sendlink", "iconName": "send"}, 
        "wsTakeOfflineDocumentCommand":{ "DisplayText": "takeofflinedocument", "iconName": "download"}, 
        "wsTimelineDocumentCommand":{"DisplayText": "timeline", "iconName": "timeline"}, 
        "wsDeclareDocumentCommand":{ "DisplayText": "declaredocument", "iconName": "declareasrecord"},   
        "wsUndeclareDocumentCommand":{ "DisplayText": "undeclaredocument", "iconName": "undeclarerecord"},
        "wsUnlockDocumentCommand":{"DisplayText": "unlock", "iconName": "unlock"},
        "wsUploadAsNewVersionDocumentCommand":{ "DisplayText": "uploadnewversion", "iconName": "upload"},
        "wsCheckinDocumentCommand":{ "DisplayText": "checkindocument", "iconName": "un-lock"}, 
        "wsCheckoutDocumentCommand":{ "DisplayText": "checkoutdocument", "iconName": "lock"},   
        "wsCopyDocumentCommand":{ "DisplayText": "copy", "iconName": "copy"}, 
        "wsCutDocumentCommand":{"DisplayText": "move", "iconName": "move"}, 
        "wsMoveDocumentCommand":{"DisplayText": "move", "iconName": "move"},
        "wsDeleteShortcutCommand":{  "DisplayText": "deleteshortcut", "iconName": "delete"},
        "wsDeleteDocumentCommand":{ "DisplayText": "delete", "iconName": "delete"},
        "wsDownloadDocumentCommand":{ "DisplayText": "download", "iconName": "download"},
        "wsEditDocumentCommand":{ "DisplayText": "edit", "iconName": "edit"}, 
        "wsOpenDocumentCommand":{"DisplayText": "open", "iconName": "open"},
        "wsOpenDocumentProtectedCommand":{ "DisplayText": "opendocumentprotected", "iconName": "open"},
        "wsRelateCommand":{ "DisplayText": "relate", "iconName": "relateddocument"},
         "wsOpenCommand":{ "DisplayText": "open", "iconName": "open"}, 
        "wsOpenInWebCommand": { "DisplayText": "openinweb", "iconName": "open"},
        "wsPreviewCommand":  { "DisplayText": "preview", "iconName": "preview"},
        "wsRelateToItemCommand":{ "DisplayText": "relate", "iconName": "relateddocument"},       
        "wsCopyLinkCommand":{ "DisplayText": "copylink", "iconName": "link"},
        "wsViewPropertyCommand":{ "DisplayText": "properties", "iconName": "properties"}, 
        "wsDownloadEmailAttachmentCommand":{ "DisplayText": "downloademailAttachment", "iconName": "download"},
        "wsReplyEmailCommand":{  "DisplayText": "reply", "iconName": "reply"},
        "wsReplyAllEmailCommand":{ "DisplayText": "reply-all", "iconName": "reply-all"},
        "wsForwardEmailCommand":{ "DisplayText": "forward", "iconName": "forward"},
        "wsMoveEmailCommand":{ "DisplayText": "move", "iconName": "move"}, 
        "wsOpenEmailCommand":{ "DisplayText": "open", "iconName": "open"},       
        "wsDeleteFolderCommand":{ "DisplayText": "delete", "iconName": "delete"},
        "wsDeleteEmailCommand":{ "DisplayText": "delete", "iconName": "delete"},
        "wsDeleteVersionCommand":{"DisplayText": "delete", "iconName": "delete"},
        "wsDeleteMatterCommand":{  "DisplayText": "delete", "iconName": "delete"},
        "wsTimelineEmailCommand":{ "DisplayText": "timeline", "iconName": "timeline"}, 
        "wsUploadFileCommand":{ "DisplayText": "uploadfile", "iconName": "upload"}, 
        "wsUploadFolderCommand":{ "DisplayText": "uploadFolder", "iconName": "upload"}, 
        "wsNewFolderCommand":{ "DisplayText": "newfolder", "iconName": "newfolder"},
       "wsNewMatterCommand":{ "DisplayText": "newmatter", "iconName": ""},
        "wsCompareVersionCommand":{"DisplayText": "selectcompare", "iconName": "compare"}, 
        "wsEditCommentVersionCommand":{ "DisplayText": "editcomment", "iconName": "edit-comment"},
        "wsAddToMyMattersCommand":{"DisplayText": "addtomyMatters", "iconName": "add-matters"},  
        "wsRemoveFromMyMattersCommand":{ "DisplayText": "removemyMatters", "iconName": "add-matters"},   
        "wsPasteDocumentCommand":{ "DisplayText": "pastedocument", "iconName": ""}, 
        "wsPrintDocumentCommand":{ "DisplayText": "printdocument", "iconName": "print"},  
        "wsNavigateBackCommand":{ "DisplayText": "navigateback", "iconName": ""},  
        "wsAttachmentsCommand":{ "DisplayText": "attachments", "iconName": "attachment"},  
        "wsAddCommand":  { "DisplayText": "add", "iconName": ""}, 
         "wsAddToFavoritesCommand":{ "DisplayText": "addtomyfavour", "iconName": "favorites"}, 
        "wsRemoveFromFavoritesCommand":{ "DisplayText": "removetomyfavour", "iconName": "favorites"},  
        "wsRestoreRelateCommand":{ "DisplayText": "restore", "iconName": ""}, 
         "wsVersionsDocumentCommand":{ "DisplayText": "versionsdocument", "iconName": "versions"}, 
        "wsRestoreCommand":  { "DisplayText": "restore", "iconName": ""}, 
         "wsNewTabFolderCommand":{ "DisplayText": "newtabfolder", "iconName": "newtab"}, 
        "wsNewCategoryCommand":{ "DisplayText": "newcategory", "iconName": ""}
}