﻿<?xml version="1.0" encoding="utf-8"?>
<?xml-stylesheet type="text/xsl" href="c:\program files (x86)\microsoft visual studio 14.0\team tools\static analysis tools\fxcop\Xml\CodeAnalysisReport.xsl"?>
<FxCopReport Version="14.0">
 <Targets>
  <Target Name="D:\WorkingFolder\iManage\SourceCode\OfficeEMM\work-idrive\client\common\iManExtADFS\bin\Debug\iwADFS.dll">
   <Modules>
    <Module Name="iwadfs.dll">
     <Namespaces>
      <Namespace Name="iManage.Work.ADFS">
       <Types>
        <Type Name="ADFSLoginFormPresenter" Kind="Class" Accessibility="Public" ExternallyVisible="True">
         <Members>
          <Member Name="#Dispose()" Kind="Method" Static="False" Accessibility="Public" ExternallyVisible="True">
           <Messages>
            <Message TypeName="ImplementIDisposableCorrectly" Category="Microsoft.Design" CheckId="CA1063" Status="Active" Created="2017-09-13 13:06:30Z" FixCategory="Breaking">
             <Issue Name="DisposeImplementation" Certainty="95" Level="Error" Path="D:\WorkingFolder\iManage\SourceCode\OfficeEMM\work-idrive\client\common\iManExtADFS" File="ADFSLoginFormPresenter.cs" Line="91">Modify 'ADFSLoginFormPresenter.Dispose()' so that it calls Dispose(true), then calls GC.SuppressFinalize on the current object instance ('this' or 'Me' in Visual Basic), and then returns.</Issue>
            </Message>
           </Messages>
          </Member>
         </Members>
        </Type>
        <Type Name="IViewWebBrowser2" Kind="Interface" Accessibility="Public" ExternallyVisible="True">
         <Members>
          <Member Name="#BeforeNavigate2" Kind="Event" Static="False" Accessibility="Public" ExternallyVisible="True">
           <Messages>
            <Message TypeName="DeclareEventHandlersCorrectly" Category="Microsoft.Design" CheckId="CA1009" Status="Active" Created="2017-09-13 13:06:30Z" FixCategory="Breaking">
             <Issue Name="Second" Certainty="95" Level="Error">Declare the second parameter of 'WebBrowserBeforeNavigate2EventHandler' as an EventArgs, or an instance of a type that extends EventArgs, named 'e'.</Issue>
             <Issue Name="TooMany" Certainty="95" Level="Error">Remove all but the first two parameters of 'WebBrowserBeforeNavigate2EventHandler'.</Issue>
            </Message>
           </Messages>
          </Member>
         </Members>
        </Type>
        <Type Name="NativeMethods" Kind="Class" Accessibility="Assembly" ExternallyVisible="False">
         <Members>
          <Member Name="#FindFirstFile(System.String,iManage.Work.ADFS.FindData)" Kind="Method" Static="True" Accessibility="Public" ExternallyVisible="False">
           <Messages>
            <Message Id="FindData.alternateFileName" TypeName="SpecifyMarshalingForPInvokeStringArguments" Category="Microsoft.Globalization" CheckId="CA2101" Status="Active" Created="2017-09-13 13:06:30Z" FixCategory="NonBreaking">
             <Issue Name="FieldImplicitAnsi" Certainty="75" Level="Error">To reduce security risk, marshal field 'FindData.alternateFileName' as Unicode, by setting StructLayout.CharSet on 'FindData' to CharSet.Unicode, or by explicitly marshaling the field as UnmanagedType.LPWStr. If you need to marshal this string as ANSI or system-dependent, specify MarshalAs explicitly, use the BestFitMapping attribute to turn best-fit mapping off, and for added security, to turn ThrowOnUnmappableChar on.</Issue>
            </Message>
            <Message Id="FindData.fileName" TypeName="SpecifyMarshalingForPInvokeStringArguments" Category="Microsoft.Globalization" CheckId="CA2101" Status="Active" Created="2017-09-13 13:06:30Z" FixCategory="NonBreaking">
             <Issue Name="FieldImplicitAnsi" Certainty="75" Level="Error">To reduce security risk, marshal field 'FindData.fileName' as Unicode, by setting StructLayout.CharSet on 'FindData' to CharSet.Unicode, or by explicitly marshaling the field as UnmanagedType.LPWStr. If you need to marshal this string as ANSI or system-dependent, specify MarshalAs explicitly, use the BestFitMapping attribute to turn best-fit mapping off, and for added security, to turn ThrowOnUnmappableChar on.</Issue>
            </Message>
           </Messages>
          </Member>
          <Member Name="#FindNextFile(System.IntPtr,iManage.Work.ADFS.FindData)" Kind="Method" Static="True" Accessibility="Public" ExternallyVisible="False">
           <Messages>
            <Message Id="FindData.alternateFileName" TypeName="SpecifyMarshalingForPInvokeStringArguments" Category="Microsoft.Globalization" CheckId="CA2101" Status="Active" Created="2017-09-13 13:06:30Z" FixCategory="NonBreaking">
             <Issue Name="FieldImplicitAnsi" Certainty="75" Level="Error">To reduce security risk, marshal field 'FindData.alternateFileName' as Unicode, by setting StructLayout.CharSet on 'FindData' to CharSet.Unicode, or by explicitly marshaling the field as UnmanagedType.LPWStr. If you need to marshal this string as ANSI or system-dependent, specify MarshalAs explicitly, use the BestFitMapping attribute to turn best-fit mapping off, and for added security, to turn ThrowOnUnmappableChar on.</Issue>
            </Message>
            <Message Id="FindData.fileName" TypeName="SpecifyMarshalingForPInvokeStringArguments" Category="Microsoft.Globalization" CheckId="CA2101" Status="Active" Created="2017-09-13 13:06:30Z" FixCategory="NonBreaking">
             <Issue Name="FieldImplicitAnsi" Certainty="75" Level="Error">To reduce security risk, marshal field 'FindData.fileName' as Unicode, by setting StructLayout.CharSet on 'FindData' to CharSet.Unicode, or by explicitly marshaling the field as UnmanagedType.LPWStr. If you need to marshal this string as ANSI or system-dependent, specify MarshalAs explicitly, use the BestFitMapping attribute to turn best-fit mapping off, and for added security, to turn ThrowOnUnmappableChar on.</Issue>
            </Message>
           </Messages>
          </Member>
         </Members>
        </Type>
        <Type Name="NativeMethods+CREDENTIAL" Kind="Struct" Accessibility="Public" ExternallyVisible="False">
         <Messages>
          <Message TypeName="TypesThatOwnNativeResourcesShouldBeDisposable" Category="Microsoft.Design" CheckId="CA1049" Status="Active" Created="2017-09-13 13:06:30Z" FixCategory="NonBreaking">
           <Issue Certainty="50" Level="CriticalError">Implement IDisposable on 'NativeMethods.CREDENTIAL'.</Issue>
          </Message>
         </Messages>
        </Type>
        <Type Name="SamlToken" Kind="Class" Accessibility="Public" ExternallyVisible="True">
         <Members>
          <Member Name="#DecryptStringFromBytes(System.Byte[],System.Byte[],System.Byte[])" Kind="Method" Static="False" Accessibility="Family" ExternallyVisible="True">
           <Messages>
            <Message TypeName="Do not dispose objects multiple times" Category="Microsoft.Usage" CheckId="CA2202" Status="Active" Created="2017-09-13 13:06:30Z" FixCategory="DependsOnFix">
             <Issue Certainty="75" Level="Warning" Path="D:\WorkingFolder\iManage\SourceCode\OfficeEMM\work-idrive\client\common\iManExtADFS" File="SamlToken.cs" Line="213">Object 'csDecrypt' can be disposed more than once in method 'SamlToken.DecryptStringFromBytes(byte[], byte[], byte[])'. To avoid generating a System.ObjectDisposedException you should not call Dispose more than one time on an object.: Lines: 213</Issue>
             <Issue Certainty="75" Level="Warning" Path="D:\WorkingFolder\iManage\SourceCode\OfficeEMM\work-idrive\client\common\iManExtADFS" File="SamlToken.cs" Line="213">Object 'msDecrypt' can be disposed more than once in method 'SamlToken.DecryptStringFromBytes(byte[], byte[], byte[])'. To avoid generating a System.ObjectDisposedException you should not call Dispose more than one time on an object.: Lines: 213, 214</Issue>
            </Message>
           </Messages>
          </Member>
          <Member Name="#EncryptStringToBytes(System.String,System.Byte[],System.Byte[])" Kind="Method" Static="False" Accessibility="Family" ExternallyVisible="True">
           <Messages>
            <Message TypeName="Do not dispose objects multiple times" Category="Microsoft.Usage" CheckId="CA2202" Status="Active" Created="2017-09-13 13:06:30Z" FixCategory="DependsOnFix">
             <Issue Certainty="75" Level="Warning" Path="D:\WorkingFolder\iManage\SourceCode\OfficeEMM\work-idrive\client\common\iManExtADFS" File="SamlToken.cs" Line="279">Object 'csEncrypt' can be disposed more than once in method 'SamlToken.EncryptStringToBytes(string, byte[], byte[])'. To avoid generating a System.ObjectDisposedException you should not call Dispose more than one time on an object.: Lines: 279</Issue>
             <Issue Certainty="75" Level="Warning" Path="D:\WorkingFolder\iManage\SourceCode\OfficeEMM\work-idrive\client\common\iManExtADFS" File="SamlToken.cs" Line="279">Object 'msEncrypt' can be disposed more than once in method 'SamlToken.EncryptStringToBytes(string, byte[], byte[])'. To avoid generating a System.ObjectDisposedException you should not call Dispose more than one time on an object.: Lines: 279, 280</Issue>
            </Message>
           </Messages>
          </Member>
         </Members>
        </Type>
        <Type Name="UserCredentialsDialog" Kind="Class" Accessibility="Public" ExternallyVisible="True">
         <Messages>
          <Message TypeName="ComVisibleTypeBaseTypesShouldBeComVisible" Category="Microsoft.Interoperability" CheckId="CA1405" Status="Active" Created="2017-09-13 13:06:30Z" FixCategory="DependsOnFix">
           <Issue Certainty="90" Level="Error">'UserCredentialsDialog' is marked ComVisible(true) but has the following ComVisible(false) types in its object hierarchy: 'CommonDialog'</Issue>
          </Message>
         </Messages>
        </Type>
        <Type Name="WExplicitLoginAgent" Kind="Class" Accessibility="Assembly" ExternallyVisible="False">
         <Members>
          <Member Name="#Transform(System.Byte[],System.Func`1&lt;System.Security.Cryptography.ICryptoTransform&gt;)" Kind="Method" Static="False" Accessibility="Family" ExternallyVisible="False">
           <Messages>
            <Message TypeName="Do not dispose objects multiple times" Category="Microsoft.Usage" CheckId="CA2202" Status="Active" Created="2017-09-13 13:06:30Z" FixCategory="DependsOnFix">
             <Issue Certainty="75" Level="Warning" Path="D:\WorkingFolder\iManage\SourceCode\OfficeEMM\work-idrive\client\common\iManExtADFS" File="WExplicitLoginAgent.cs" Line="157">Object 'memoryStream' can be disposed more than once in method 'WExplicitLoginAgent.Transform(byte[], Func&lt;ICryptoTransform&gt;)'. To avoid generating a System.ObjectDisposedException you should not call Dispose more than one time on an object.: Lines: 157</Issue>
            </Message>
           </Messages>
          </Member>
         </Members>
        </Type>
       </Types>
      </Namespace>
     </Namespaces>
    </Module>
   </Modules>
  </Target>
 </Targets>
 <Rules>
  <Rule TypeName="ComVisibleTypeBaseTypesShouldBeComVisible" Category="Microsoft.Interoperability" CheckId="CA1405">
   <Name>COM visible type base types should be COM visible</Name>
   <Description>COM visible types should have an object hierarchy that is uniformly COM visible.</Description>
   <Resolution Name="Default">{0} is marked ComVisible(true) but has the following ComVisible(false) types in its object hierarchy: {1}</Resolution>
   <Owner />
   <Url>http://msdn.microsoft.com/library/ms182202.aspx</Url>
   <Email>[none]</Email>
   <MessageLevel Certainty="90">Error</MessageLevel>
   <File Name="interoperabilityrules.dll" Version="14.0.0.0" />
  </Rule>
  <Rule TypeName="DeclareEventHandlersCorrectly" Category="Microsoft.Design" CheckId="CA1009">
   <Name>Declare event handlers correctly</Name>
   <Description>By convention, .NET events have two parameters that specify the event sender and event data. Event handler signatures should follow this form: void MyEventHandler(object sender, EventArgs e). The 'sender' parameter is always of type System.Object, even if it is possible to employ a more specific type. The 'e' parameter is always of type System.EventArgs. Events that do not provide event data should use the System.EventHandler delegate type. Event handlers return void so that they can send each event to multiple target methods. Any value returned by a target would be lost after the first call.</Description>
   <Resolution Name="Second">Declare the second parameter of {0} as an EventArgs, or an instance of a type that extends EventArgs, named 'e'.</Resolution>
   <Resolution Name="TooMany">Remove all but the first two parameters of {0}.</Resolution>
   <Owner />
   <Url>http://msdn.microsoft.com/library/ms182133.aspx</Url>
   <Email>[none]</Email>
   <MessageLevel Certainty="95">Error</MessageLevel>
   <File Name="designrules.dll" Version="14.0.0.0" />
  </Rule>
  <Rule TypeName="Do not dispose objects multiple times" Category="Microsoft.Usage" CheckId="CA2202">
   <Name>Do not dispose objects multiple times</Name>
   <Description>A correctly implemented Dispose method can be called multiple times without throwing an exception. However, this is not guaranteed and to avoid generating a System.ObjectDisposedException you should not call Dispose more than one time on an object.</Description>
   <Resolution Name="Default">Object {0} can be disposed more than once in method {1}. To avoid generating a System.ObjectDisposedException you should not call Dispose more than one time on an object.: Lines: 279</Resolution>
   <Owner>RuleOwner</Owner>
   <Url>http://msdn.microsoft.com/library/ms182334.aspx</Url>
   <Email />
   <MessageLevel Certainty="75">Warning</MessageLevel>
   <File Name="dataflowrules.dll" Version="14.0.0.0" />
  </Rule>
  <Rule TypeName="ImplementIDisposableCorrectly" Category="Microsoft.Design" CheckId="CA1063">
   <Name>Implement IDisposable correctly</Name>
   <Description>All IDisposable types should implement the Dispose pattern correctly.</Description>
   <Resolution Name="DisposeImplementation">Modify {0} so that it calls Dispose(true), then calls GC.SuppressFinalize on the current object instance ('this' or 'Me' in Visual Basic), and then returns.</Resolution>
   <Owner />
   <Url>http://msdn.microsoft.com/library/ms244737.aspx</Url>
   <Email>[none]</Email>
   <MessageLevel Certainty="95">Error</MessageLevel>
   <File Name="designrules.dll" Version="14.0.0.0" />
  </Rule>
  <Rule TypeName="SpecifyMarshalingForPInvokeStringArguments" Category="Microsoft.Globalization" CheckId="CA2101">
   <Name>Specify marshaling for P/Invoke string arguments</Name>
   <Description>When marshaling strings as ANSI (or as Auto on Win9x), some characters may be changed. If best-fit mapping is on, strings that appear different in Unicode will be marshaled to identical ANSI strings, which may lead to incorrect security decisions. Turning best-fit mapping off reduces this risk, as all characters without equivalents are mapped to '?'. Also, note that CharSet.Ansi is the default setting for all string marshaling; Unicode marshaling must be specified explicitly, either as a CharSet setting of DllImport or StructLayout, or as a MarshalAs attribute with a Unicode (or system-dependent) UnmanagedType.</Description>
   <Resolution Name="FieldImplicitAnsi">To reduce security risk, marshal field {0} as Unicode, by setting StructLayout.CharSet on {1} to CharSet.Unicode, or by explicitly marshaling the field as UnmanagedType.LPWStr. If you need to marshal this string as ANSI or system-dependent, specify MarshalAs explicitly, use the BestFitMapping attribute to turn best-fit mapping off, and for added security, to turn ThrowOnUnmappableChar on.</Resolution>
   <Owner />
   <Url>http://msdn.microsoft.com/library/ms182319.aspx</Url>
   <Email>[none]</Email>
   <MessageLevel Certainty="75">Error</MessageLevel>
   <File Name="globalizationrules.dll" Version="14.0.0.0" />
  </Rule>
  <Rule TypeName="TypesThatOwnNativeResourcesShouldBeDisposable" Category="Microsoft.Design" CheckId="CA1049">
   <Name>Types that own native resources should be disposable</Name>
   <Description>Types that allocate unmanaged resources should implement IDisposable to allow callers to release those resources on demand. Failure to implement IDisposable can result in unmanaged resources being unavailable or underutilized.</Description>
   <Resolution Name="Default">Implement IDisposable on {0}.</Resolution>
   <Owner />
   <Url>http://msdn.microsoft.com/library/ms182173.aspx</Url>
   <Email>[none]</Email>
   <MessageLevel Certainty="50">CriticalError</MessageLevel>
   <File Name="designrules.dll" Version="14.0.0.0" />
  </Rule>
 </Rules>
 <Localized>
  <String Key="Category">Category</String>
  <String Key="Certainty">Certainty</String>
  <String Key="CollapseAll">Collapse All</String>
  <String Key="CheckId">Check Id</String>
  <String Key="Error">Error</String>
  <String Key="Errors">error(s)</String>
  <String Key="ExpandAll">Expand All</String>
  <String Key="Help">Help</String>
  <String Key="Line">Line</String>
  <String Key="Messages">message(s)</String>
  <String Key="LocationNotStoredInPdb">[Location not stored in Pdb]</String>
  <String Key="Project">Project</String>
  <String Key="Resolution">Resolution</String>
  <String Key="Rule">Rule</String>
  <String Key="RuleFile">Rule File</String>
  <String Key="RuleDescription">Rule Description</String>
  <String Key="Source">Source</String>
  <String Key="Status">Status</String>
  <String Key="Target">Target</String>
  <String Key="Warning">Warning</String>
  <String Key="Warnings">warning(s)</String>
  <String Key="ReportTitle">Code Analysis Report</String>
 </Localized>
</FxCopReport>
